"User-controlled data in arithmetic expression","Arithmetic operations on user-controlled data that is not validated can cause overflows.","warning","This arithmetic expression depends on a [[""user-provided value""|""relative:///dotCMS/src/main/java/com/dotcms/rest/api/v1/asset/WebAssetResource.java:128:13:128:42""]], potentially causing an overflow.
This arithmetic expression depends on a [[""user-provided value""|""relative:///dotCMS/src/enterprise/java/com/dotcms/enterprise/LicenseUtil.java:298:20:298:56""]], potentially causing an overflow.
This arithmetic expression depends on a [[""user-provided value""|""relative:///dotCMS/src/main/java/com/dotcms/csspreproc/CSSPreProcessServlet.java:61:34:61:52""]], potentially causing an overflow.
This arithmetic expression depends on a [[""user-provided value""|""relative:///dotCMS/src/main/java/com/dotcms/rest/BundlePublisherResource.java:105:35:105:58""]], potentially causing an overflow.
This arithmetic expression depends on a [[""user-provided value""|""relative:///dotCMS/src/main/java/com/dotmarketing/portlets/osgi/AJAX/OSGIAJAX.java:40:26:40:50""]], potentially causing an overflow.
This arithmetic expression depends on a [[""user-provided value""|""relative:///dotCMS/src/main/java/com/dotmarketing/portlets/osgi/AJAX/OSGIAJAX.java:90:26:90:50""]], potentially causing an overflow.
This arithmetic expression depends on a [[""user-provided value""|""relative:///dotCMS/src/main/java/com/dotmarketing/portlets/workflows/ajax/WfActionClassAjax.java:72:38:72:74""]], potentially causing an overflow.
This arithmetic expression depends on a [[""user-provided value""|""relative:///dotCMS/src/main/java/com/dotmarketing/portlets/workflows/ajax/WfActionClassAjax.java:120:27:120:79""]], potentially causing an overflow.
This arithmetic expression depends on a [[""user-provided value""|""relative:///dotCMS/src/main/java/com/dotmarketing/portlets/workflows/ajax/WfStepAjax.java:110:27:110:56""]], potentially causing an overflow.
This arithmetic expression depends on a [[""user-provided value""|""relative:///dotCMS/src/main/java/com/dotmarketing/servlets/BinaryExporterServlet.java:439:34:439:52""]], potentially causing an overflow.","/dotCMS/src/enterprise/java/com/dotcms/enterprise/license/bouncycastle/crypto/macs/VMPCMac.java","221","14","221","24"
"User-controlled data in arithmetic expression","Arithmetic operations on user-controlled data that is not validated can cause overflows.","warning","This arithmetic expression depends on a [[""user-provided value""|""relative:///dotCMS/src/main/java/com/dotcms/rest/api/v1/asset/WebAssetResource.java:128:13:128:42""]], potentially causing an overflow.
This arithmetic expression depends on a [[""user-provided value""|""relative:///dotCMS/src/enterprise/java/com/dotcms/enterprise/LicenseUtil.java:298:20:298:56""]], potentially causing an overflow.
This arithmetic expression depends on a [[""user-provided value""|""relative:///dotCMS/src/main/java/com/dotcms/csspreproc/CSSPreProcessServlet.java:61:34:61:52""]], potentially causing an overflow.
This arithmetic expression depends on a [[""user-provided value""|""relative:///dotCMS/src/main/java/com/dotcms/rest/BundlePublisherResource.java:105:35:105:58""]], potentially causing an overflow.
This arithmetic expression depends on a [[""user-provided value""|""relative:///dotCMS/src/main/java/com/dotmarketing/portlets/osgi/AJAX/OSGIAJAX.java:40:26:40:50""]], potentially causing an overflow.
This arithmetic expression depends on a [[""user-provided value""|""relative:///dotCMS/src/main/java/com/dotmarketing/portlets/osgi/AJAX/OSGIAJAX.java:90:26:90:50""]], potentially causing an overflow.
This arithmetic expression depends on a [[""user-provided value""|""relative:///dotCMS/src/main/java/com/dotmarketing/portlets/workflows/ajax/WfActionClassAjax.java:72:38:72:74""]], potentially causing an overflow.
This arithmetic expression depends on a [[""user-provided value""|""relative:///dotCMS/src/main/java/com/dotmarketing/portlets/workflows/ajax/WfActionClassAjax.java:120:27:120:79""]], potentially causing an overflow.
This arithmetic expression depends on a [[""user-provided value""|""relative:///dotCMS/src/main/java/com/dotmarketing/portlets/workflows/ajax/WfStepAjax.java:110:27:110:56""]], potentially causing an overflow.
This arithmetic expression depends on a [[""user-provided value""|""relative:///dotCMS/src/main/java/com/dotmarketing/servlets/BinaryExporterServlet.java:439:34:439:52""]], potentially causing an overflow.","/dotCMS/src/enterprise/java/com/dotcms/enterprise/license/bouncycastle/crypto/tls/RecordStream.java","104","40","104","60"
"User-controlled data in arithmetic expression","Arithmetic operations on user-controlled data that is not validated can cause overflows.","warning","This arithmetic expression depends on a [[""user-provided value""|""relative:///dotCMS/src/main/java/com/dotcms/rest/LicenseResource.java:125:13:125:56""]], potentially causing an overflow.
This arithmetic expression depends on a [[""user-provided value""|""relative:///dotCMS/src/enterprise/java/com/dotcms/enterprise/LicenseUtil.java:298:20:298:56""]], potentially causing an overflow.","/dotCMS/src/enterprise/java/com/dotcms/enterprise/license/bouncycastle/util/encoders/Base64Encoder.java","178","23","178","34"
"User-controlled data in arithmetic expression","Arithmetic operations on user-controlled data that is not validated can cause overflows.","warning","This arithmetic expression depends on a [[""user-provided value""|""relative:///dotCMS/src/main/java/com/dotcms/rest/api/v1/browser/BrowserResource.java:136:49:136:87""]], potentially causing an overflow.","/dotCMS/src/main/java/com/dotcms/browser/BrowserAPIImpl.java","204","13","204","31"
"User-controlled data in arithmetic expression","Arithmetic operations on user-controlled data that is not validated can cause overflows.","warning","This arithmetic expression depends on a [[""user-provided value""|""relative:///dotCMS/src/main/java/com/dotcms/rest/ContentResource.java:557:13:557:46""]], potentially causing an overflow.
This arithmetic expression depends on a [[""user-provided value""|""relative:///dotCMS/src/main/java/com/dotcms/rest/ContentResource.java:557:13:557:46""]], potentially causing an overflow.
This arithmetic expression depends on a [[""user-provided value""|""relative:///dotCMS/src/main/java/com/dotcms/rest/api/v1/content/ContentResource.java:428:32:428:68""]], potentially causing an overflow.
This arithmetic expression depends on a [[""user-provided value""|""relative:///dotCMS/src/main/java/com/dotcms/rest/api/v1/content/ContentResource.java:428:32:428:68""]], potentially causing an overflow.","/dotCMS/src/main/java/com/dotcms/content/elasticsearch/business/ESContentletAPIImpl.java","2116","54","2116","67"
"User-controlled data in arithmetic expression","Arithmetic operations on user-controlled data that is not validated can cause overflows.","warning","This arithmetic expression depends on a [[""user-provided value""|""relative:///dotCMS/src/main/java/com/dotcms/rest/ContentResource.java:557:13:557:46""]], potentially causing an overflow.
This arithmetic expression depends on a [[""user-provided value""|""relative:///dotCMS/src/main/java/com/dotcms/rest/ContentResource.java:557:13:557:46""]], potentially causing an overflow.
This arithmetic expression depends on a [[""user-provided value""|""relative:///dotCMS/src/main/java/com/dotcms/rest/api/v1/content/ContentResource.java:428:32:428:68""]], potentially causing an overflow.
This arithmetic expression depends on a [[""user-provided value""|""relative:///dotCMS/src/main/java/com/dotcms/rest/api/v1/content/ContentResource.java:428:32:428:68""]], potentially causing an overflow.","/dotCMS/src/main/java/com/dotcms/content/elasticsearch/business/ESContentletAPIImpl.java","2118","50","2118","63"
"User-controlled data in arithmetic expression","Arithmetic operations on user-controlled data that is not validated can cause overflows.","warning","This arithmetic expression depends on a [[""user-provided value""|""relative:///dotCMS/src/main/java/com/dotcms/rest/api/v1/apps/AppsResource.java:115:13:115:64""]], potentially causing an overflow.
This arithmetic expression depends on a [[""user-provided value""|""relative:///dotCMS/src/main/java/com/dotcms/rest/api/v1/categories/CategoriesResource.java:164:13:164:66""]], potentially causing an overflow.
This arithmetic expression depends on a [[""user-provided value""|""relative:///dotCMS/src/main/java/com/dotcms/rest/api/v1/categories/CategoriesResource.java:237:13:237:66""]], potentially causing an overflow.
This arithmetic expression depends on a [[""user-provided value""|""relative:///dotCMS/src/main/java/com/dotcms/rest/api/v1/categories/CategoriesResource.java:434:13:434:51""]], potentially causing an overflow.
This arithmetic expression depends on a [[""user-provided value""|""relative:///dotCMS/src/main/java/com/dotcms/rest/api/v1/container/ContainerResource.java:171:13:171:66""]], potentially causing an overflow.
This arithmetic expression depends on a [[""user-provided value""|""relative:///dotCMS/src/main/java/com/dotcms/rest/api/v1/contenttype/ContentTypeResource.java:635:15:635:49""]], potentially causing an overflow.
This arithmetic expression depends on a [[""user-provided value""|""relative:///dotCMS/src/main/java/com/dotcms/rest/api/v1/contenttype/ContentTypeResource.java:723:13:723:66""]], potentially causing an overflow.
This arithmetic expression depends on a [[""user-provided value""|""relative:///dotCMS/src/main/java/com/dotcms/rest/api/v1/page/PageResource.java:758:13:758:66""]], potentially causing an overflow.
This arithmetic expression depends on a [[""user-provided value""|""relative:///dotCMS/src/main/java/com/dotcms/rest/api/v1/page/PageResource.java:985:30:985:83""]], potentially causing an overflow.
This arithmetic expression depends on a [[""user-provided value""|""relative:///dotCMS/src/main/java/com/dotcms/rest/api/v1/relationships/RelationshipsResource.java:104:13:104:85""]], potentially causing an overflow.
This arithmetic expression depends on a [[""user-provided value""|""relative:///dotCMS/src/main/java/com/dotcms/rest/api/v1/site/SiteResource.java:224:13:224:66""]], potentially causing an overflow.
This arithmetic expression depends on a [[""user-provided value""|""relative:///dotCMS/src/main/java/com/dotcms/rest/api/v1/template/TemplateResource.java:150:41:150:114""]], potentially causing an overflow.
This arithmetic expression depends on a [[""user-provided value""|""relative:///dotCMS/src/main/java/com/dotcms/rest/api/v1/theme/ThemeResource.java:95:13:95:86""]], potentially causing an overflow.
This arithmetic expression depends on a [[""user-provided value""|""relative:///dotCMS/src/main/java/com/dotcms/rest/api/v1/user/UserResource.java:335:10:335:83""]], potentially causing an overflow.
This arithmetic expression depends on a [[""user-provided value""|""relative:///dotCMS/src/main/java/com/dotcms/rest/api/v1/user/UserResource.java:605:12:605:65""]], potentially causing an overflow.","/dotCMS/src/main/java/com/dotcms/contenttype/business/ContentTypeAPIImpl.java","393","27","393","40"
"User-controlled data in arithmetic expression","Arithmetic operations on user-controlled data that is not validated can cause overflows.","warning","This arithmetic expression depends on a [[""user-provided value""|""relative:///dotCMS/src/main/java/com/dotcms/rest/api/v1/system/i18n/I18NResource.java:39:58:39:87""]], potentially causing an overflow.","/dotCMS/src/main/java/com/dotcms/rest/api/v1/system/i18n/I18NResource.java","193","69","193","88"
"User-controlled data in arithmetic expression","Arithmetic operations on user-controlled data that is not validated can cause overflows.","warning","This arithmetic expression depends on a [[""user-provided value""|""relative:///dotCMS/src/main/java/com/dotcms/rest/api/v1/system/role/RoleResource.java:524:9:525:74""]], potentially causing an overflow.
This arithmetic expression depends on a [[""user-provided value""|""relative:///dotCMS/src/main/java/com/dotcms/rest/api/v1/system/role/RoleResource.java:526:9:527:69""]], potentially causing an overflow.","/dotCMS/src/main/java/com/dotcms/rest/api/v1/system/role/RoleResource.java","673","12","673","24"
"User-controlled data in arithmetic expression","Arithmetic operations on user-controlled data that is not validated can cause overflows.","warning","This arithmetic expression depends on a [[""user-provided value""|""relative:///dotCMS/src/main/java/com/dotcms/rest/api/v1/temp/TempFileResource.java:232:13:232:36""]], potentially causing an underflow.
This arithmetic expression depends on a [[""user-provided value""|""relative:///dotCMS/src/main/java/com/dotcms/rest/api/v1/temp/TempFileResource.java:232:13:232:36""]], potentially causing an overflow.","/dotCMS/src/main/java/com/dotcms/rest/api/v1/temp/TempFileAPI.java","246","43","246","63"
"User-controlled data in arithmetic expression","Arithmetic operations on user-controlled data that is not validated can cause overflows.","warning","This arithmetic expression depends on a [[""user-provided value""|""relative:///dotCMS/src/main/java/com/dotcms/rest/api/v1/apps/AppsResource.java:115:13:115:64""]], potentially causing an overflow.
This arithmetic expression depends on a [[""user-provided value""|""relative:///dotCMS/src/main/java/com/dotcms/rest/api/v1/categories/CategoriesResource.java:164:13:164:66""]], potentially causing an overflow.
This arithmetic expression depends on a [[""user-provided value""|""relative:///dotCMS/src/main/java/com/dotcms/rest/api/v1/categories/CategoriesResource.java:237:13:237:66""]], potentially causing an overflow.
This arithmetic expression depends on a [[""user-provided value""|""relative:///dotCMS/src/main/java/com/dotcms/rest/api/v1/categories/CategoriesResource.java:434:13:434:51""]], potentially causing an overflow.
This arithmetic expression depends on a [[""user-provided value""|""relative:///dotCMS/src/main/java/com/dotcms/rest/api/v1/container/ContainerResource.java:171:13:171:66""]], potentially causing an overflow.
This arithmetic expression depends on a [[""user-provided value""|""relative:///dotCMS/src/main/java/com/dotcms/rest/api/v1/contenttype/ContentTypeResource.java:635:15:635:49""]], potentially causing an overflow.
This arithmetic expression depends on a [[""user-provided value""|""relative:///dotCMS/src/main/java/com/dotcms/rest/api/v1/contenttype/ContentTypeResource.java:723:13:723:66""]], potentially causing an overflow.
This arithmetic expression depends on a [[""user-provided value""|""relative:///dotCMS/src/main/java/com/dotcms/rest/api/v1/page/PageResource.java:758:13:758:66""]], potentially causing an overflow.
This arithmetic expression depends on a [[""user-provided value""|""relative:///dotCMS/src/main/java/com/dotcms/rest/api/v1/page/PageResource.java:985:30:985:83""]], potentially causing an overflow.
This arithmetic expression depends on a [[""user-provided value""|""relative:///dotCMS/src/main/java/com/dotcms/rest/api/v1/relationships/RelationshipsResource.java:104:13:104:85""]], potentially causing an overflow.
This arithmetic expression depends on a [[""user-provided value""|""relative:///dotCMS/src/main/java/com/dotcms/rest/api/v1/site/SiteResource.java:224:13:224:66""]], potentially causing an overflow.
This arithmetic expression depends on a [[""user-provided value""|""relative:///dotCMS/src/main/java/com/dotcms/rest/api/v1/template/TemplateResource.java:150:41:150:114""]], potentially causing an overflow.
This arithmetic expression depends on a [[""user-provided value""|""relative:///dotCMS/src/main/java/com/dotcms/rest/api/v1/theme/ThemeResource.java:95:13:95:86""]], potentially causing an overflow.
This arithmetic expression depends on a [[""user-provided value""|""relative:///dotCMS/src/main/java/com/dotcms/rest/api/v1/user/UserResource.java:335:10:335:83""]], potentially causing an overflow.
This arithmetic expression depends on a [[""user-provided value""|""relative:///dotCMS/src/main/java/com/dotcms/rest/api/v1/user/UserResource.java:605:12:605:65""]], potentially causing an overflow.","/dotCMS/src/main/java/com/dotcms/util/PaginationUtil.java","79","10","79","36"
"User-controlled data in arithmetic expression","Arithmetic operations on user-controlled data that is not validated can cause overflows.","warning","This arithmetic expression depends on a [[""user-provided value""|""relative:///dotCMS/src/main/java/com/dotcms/rest/api/v1/notification/NotificationResource.java:103:39:103:78""]], potentially causing an overflow.","/dotCMS/src/main/java/com/dotmarketing/common/util/SQLUtil.java","206","19","206","32"
"User-controlled data in arithmetic expression","Arithmetic operations on user-controlled data that is not validated can cause overflows.","warning","This arithmetic expression depends on a [[""user-provided value""|""relative:///dotCMS/src/main/java/com/dotmarketing/servlets/BinaryExporterServlet.java:179:16:179:34""]], potentially causing an underflow.
This arithmetic expression depends on a [[""user-provided value""|""relative:///dotCMS/src/main/java/com/dotmarketing/servlets/BinaryExporterServlet.java:185:17:185:37""]], potentially causing an underflow.
This arithmetic expression depends on a [[""user-provided value""|""relative:///dotCMS/src/main/java/com/dotmarketing/servlets/BinaryExporterServlet.java:754:16:754:38""]], potentially causing an underflow.","/dotCMS/src/main/java/com/dotmarketing/image/filter/PDFImageFilter.java","40","57","40","62"
"User-controlled data in arithmetic expression","Arithmetic operations on user-controlled data that is not validated can cause overflows.","warning","This arithmetic expression depends on a [[""user-provided value""|""relative:///dotCMS/src/main/java/com/dotmarketing/servlets/BinaryExporterServlet.java:179:16:179:34""]], potentially causing an underflow.
This arithmetic expression depends on a [[""user-provided value""|""relative:///dotCMS/src/main/java/com/dotmarketing/servlets/BinaryExporterServlet.java:185:17:185:37""]], potentially causing an underflow.
This arithmetic expression depends on a [[""user-provided value""|""relative:///dotCMS/src/main/java/com/dotmarketing/servlets/BinaryExporterServlet.java:754:16:754:38""]], potentially causing an underflow.
This arithmetic expression depends on a [[""user-provided value""|""relative:///dotCMS/src/main/java/com/dotmarketing/servlets/BinaryExporterServlet.java:179:16:179:34""]], potentially causing an overflow.
This arithmetic expression depends on a [[""user-provided value""|""relative:///dotCMS/src/main/java/com/dotmarketing/servlets/BinaryExporterServlet.java:185:17:185:37""]], potentially causing an overflow.
This arithmetic expression depends on a [[""user-provided value""|""relative:///dotCMS/src/main/java/com/dotmarketing/servlets/BinaryExporterServlet.java:754:16:754:38""]], potentially causing an overflow.","/dotCMS/src/main/java/com/dotmarketing/image/filter/RotateImageFilter.java","23","7","23","10"
"User-controlled data in arithmetic expression","Arithmetic operations on user-controlled data that is not validated can cause overflows.","warning","This arithmetic expression depends on a [[""user-provided value""|""relative:///dotCMS/src/main/java/com/dotmarketing/servlets/BinaryExporterServlet.java:179:16:179:34""]], potentially causing an underflow.
This arithmetic expression depends on a [[""user-provided value""|""relative:///dotCMS/src/main/java/com/dotmarketing/servlets/BinaryExporterServlet.java:185:17:185:37""]], potentially causing an underflow.
This arithmetic expression depends on a [[""user-provided value""|""relative:///dotCMS/src/main/java/com/dotmarketing/servlets/BinaryExporterServlet.java:754:16:754:38""]], potentially causing an underflow.","/dotCMS/src/main/java/com/dotmarketing/image/filter/ThumbnailImageFilter.java","102","28","102","56"
"User-controlled data in arithmetic expression","Arithmetic operations on user-controlled data that is not validated can cause overflows.","warning","This arithmetic expression depends on a [[""user-provided value""|""relative:///dotCMS/src/main/java/com/dotmarketing/servlets/BinaryExporterServlet.java:179:16:179:34""]], potentially causing an underflow.
This arithmetic expression depends on a [[""user-provided value""|""relative:///dotCMS/src/main/java/com/dotmarketing/servlets/BinaryExporterServlet.java:185:17:185:37""]], potentially causing an underflow.
This arithmetic expression depends on a [[""user-provided value""|""relative:///dotCMS/src/main/java/com/dotmarketing/servlets/BinaryExporterServlet.java:754:16:754:38""]], potentially causing an underflow.","/dotCMS/src/main/java/com/dotmarketing/image/filter/ThumbnailImageFilter.java","103","28","103","58"
"User-controlled data in arithmetic expression","Arithmetic operations on user-controlled data that is not validated can cause overflows.","warning","This arithmetic expression depends on a [[""user-provided value""|""relative:///dotCMS/src/main/java/com/dotmarketing/servlets/BinaryExporterServlet.java:179:16:179:34""]], potentially causing an underflow.
This arithmetic expression depends on a [[""user-provided value""|""relative:///dotCMS/src/main/java/com/dotmarketing/servlets/BinaryExporterServlet.java:185:17:185:37""]], potentially causing an underflow.
This arithmetic expression depends on a [[""user-provided value""|""relative:///dotCMS/src/main/java/com/dotmarketing/servlets/BinaryExporterServlet.java:754:16:754:38""]], potentially causing an underflow.
This arithmetic expression depends on a [[""user-provided value""|""relative:///dotCMS/src/main/java/com/dotmarketing/servlets/BinaryExporterServlet.java:179:16:179:34""]], potentially causing an overflow.
This arithmetic expression depends on a [[""user-provided value""|""relative:///dotCMS/src/main/java/com/dotmarketing/servlets/BinaryExporterServlet.java:185:17:185:37""]], potentially causing an overflow.
This arithmetic expression depends on a [[""user-provided value""|""relative:///dotCMS/src/main/java/com/dotmarketing/servlets/BinaryExporterServlet.java:754:16:754:38""]], potentially causing an overflow.","/dotCMS/src/main/java/com/dotmarketing/image/filter/ThumbnailImageFilter.java","70","37","70","60"
"User-controlled data in arithmetic expression","Arithmetic operations on user-controlled data that is not validated can cause overflows.","warning","This arithmetic expression depends on a [[""user-provided value""|""relative:///dotCMS/src/main/java/com/dotcms/rest/api/v1/apps/AppsResource.java:115:13:115:64""]], potentially causing an overflow.
This arithmetic expression depends on a [[""user-provided value""|""relative:///dotCMS/src/main/java/com/dotcms/rest/api/v1/categories/CategoriesResource.java:164:13:164:66""]], potentially causing an overflow.
This arithmetic expression depends on a [[""user-provided value""|""relative:///dotCMS/src/main/java/com/dotcms/rest/api/v1/categories/CategoriesResource.java:237:13:237:66""]], potentially causing an overflow.
This arithmetic expression depends on a [[""user-provided value""|""relative:///dotCMS/src/main/java/com/dotcms/rest/api/v1/categories/CategoriesResource.java:434:13:434:51""]], potentially causing an overflow.
This arithmetic expression depends on a [[""user-provided value""|""relative:///dotCMS/src/main/java/com/dotcms/rest/api/v1/container/ContainerResource.java:171:13:171:66""]], potentially causing an overflow.
This arithmetic expression depends on a [[""user-provided value""|""relative:///dotCMS/src/main/java/com/dotcms/rest/api/v1/contenttype/ContentTypeResource.java:635:15:635:49""]], potentially causing an overflow.
This arithmetic expression depends on a [[""user-provided value""|""relative:///dotCMS/src/main/java/com/dotcms/rest/api/v1/contenttype/ContentTypeResource.java:723:13:723:66""]], potentially causing an overflow.
This arithmetic expression depends on a [[""user-provided value""|""relative:///dotCMS/src/main/java/com/dotcms/rest/api/v1/page/PageResource.java:758:13:758:66""]], potentially causing an overflow.
This arithmetic expression depends on a [[""user-provided value""|""relative:///dotCMS/src/main/java/com/dotcms/rest/api/v1/page/PageResource.java:985:30:985:83""]], potentially causing an overflow.
This arithmetic expression depends on a [[""user-provided value""|""relative:///dotCMS/src/main/java/com/dotcms/rest/api/v1/relationships/RelationshipsResource.java:104:13:104:85""]], potentially causing an overflow.
This arithmetic expression depends on a [[""user-provided value""|""relative:///dotCMS/src/main/java/com/dotcms/rest/api/v1/site/SiteResource.java:224:13:224:66""]], potentially causing an overflow.
This arithmetic expression depends on a [[""user-provided value""|""relative:///dotCMS/src/main/java/com/dotcms/rest/api/v1/template/TemplateResource.java:150:41:150:114""]], potentially causing an overflow.
This arithmetic expression depends on a [[""user-provided value""|""relative:///dotCMS/src/main/java/com/dotcms/rest/api/v1/theme/ThemeResource.java:95:13:95:86""]], potentially causing an overflow.
This arithmetic expression depends on a [[""user-provided value""|""relative:///dotCMS/src/main/java/com/dotcms/rest/api/v1/user/UserResource.java:335:10:335:83""]], potentially causing an overflow.
This arithmetic expression depends on a [[""user-provided value""|""relative:///dotCMS/src/main/java/com/dotcms/rest/api/v1/user/UserResource.java:605:12:605:65""]], potentially causing an overflow.
This arithmetic expression depends on a [[""user-provided value""|""relative:///dotCMS/src/main/java/com/dotmarketing/servlets/JSONCategoriesServlet.java:80:30:80:58""]], potentially causing an overflow.
This arithmetic expression depends on a [[""user-provided value""|""relative:///dotCMS/src/main/java/com/dotmarketing/servlets/JSONCategoriesServlet.java:81:30:81:58""]], potentially causing an overflow.","/dotCMS/src/main/java/com/dotmarketing/portlets/categories/business/CategoryAPIImpl.java","702","16","702","26"
"User-controlled data in arithmetic expression","Arithmetic operations on user-controlled data that is not validated can cause overflows.","warning","This arithmetic expression depends on a [[""user-provided value""|""relative:///dotCMS/src/main/java/com/dotmarketing/util/UtilMethods.java:181:29:181:45""]], potentially causing an underflow.","/dotCMS/src/main/java/com/dotmarketing/portlets/rules/conditionlet/NumberOfTimesPreviouslyVisitedConditionlet.java","43","4","43","15"
"User-controlled data in arithmetic expression","Arithmetic operations on user-controlled data that is not validated can cause overflows.","warning","This arithmetic expression depends on a [[""user-provided value""|""relative:///dotCMS/src/main/java/com/dotmarketing/portlets/workflows/ajax/WfRoleStoreAjax.java:39:39:39:69""]], potentially causing an overflow.
This arithmetic expression depends on a [[""user-provided value""|""relative:///dotCMS/src/main/java/com/dotmarketing/portlets/workflows/ajax/WfRoleStoreAjax.java:44:39:44:69""]], potentially causing an overflow.","/dotCMS/src/main/java/com/dotmarketing/portlets/workflows/ajax/WfRoleStoreAjax.java","111","25","111","37"
"User-controlled data in arithmetic expression","Arithmetic operations on user-controlled data that is not validated can cause overflows.","warning","This arithmetic expression depends on a [[""user-provided value""|""relative:///dotCMS/src/main/java/com/dotmarketing/servlets/ShortyServlet.java:272:27:272:49""]], potentially causing an overflow.","/dotCMS/src/main/java/com/dotmarketing/servlets/ShortyServlet.java","319","46","319","96"
"User-controlled data in arithmetic expression","Arithmetic operations on user-controlled data that is not validated can cause overflows.","warning","This arithmetic expression depends on a [[""user-provided value""|""relative:///dotCMS/src/main/java/com/dotmarketing/servlets/ShortyServlet.java:272:27:272:49""]], potentially causing an overflow.","/dotCMS/src/main/java/com/dotmarketing/servlets/ShortyServlet.java","319","46","319","87"
"User-controlled data in arithmetic expression","Arithmetic operations on user-controlled data that is not validated can cause overflows.","warning","This arithmetic expression depends on a [[""user-provided value""|""relative:///dotCMS/src/main/java/com/dotmarketing/servlets/ShortyServlet.java:272:27:272:49""]], potentially causing an overflow.","/dotCMS/src/main/java/com/dotmarketing/servlets/ShortyServlet.java","319","46","319","76"
"User-controlled data in arithmetic expression","Arithmetic operations on user-controlled data that is not validated can cause overflows.","warning","This arithmetic expression depends on a [[""user-provided value""|""relative:///dotCMS/src/main/java/com/dotmarketing/servlets/ShortyServlet.java:272:27:272:49""]], potentially causing an overflow.","/dotCMS/src/main/java/com/dotmarketing/servlets/ShortyServlet.java","319","46","319","66"
"User-controlled data in arithmetic expression","Arithmetic operations on user-controlled data that is not validated can cause overflows.","warning","This arithmetic expression depends on a [[""user-provided value""|""relative:///dotCMS/src/main/java/com/dotmarketing/servlets/ShortyServlet.java:272:27:272:49""]], potentially causing an overflow.
This arithmetic expression depends on a [[""user-provided value""|""relative:///dotCMS/src/main/java/com/dotmarketing/servlets/ShortyServlet.java:272:27:272:49""]], potentially causing an overflow.","/dotCMS/src/main/java/com/dotmarketing/servlets/ShortyServlet.java","319","46","319","57"
"User-controlled data in arithmetic expression","Arithmetic operations on user-controlled data that is not validated can cause overflows.","warning","This arithmetic expression depends on a [[""user-provided value""|""relative:///dotCMS/src/main/java/com/dotmarketing/servlets/ShortyServlet.java:272:27:272:49""]], potentially causing an overflow.
This arithmetic expression depends on a [[""user-provided value""|""relative:///dotCMS/src/main/java/com/dotmarketing/servlets/ShortyServlet.java:272:27:272:49""]], potentially causing an overflow.","/dotCMS/src/main/java/com/dotmarketing/servlets/ShortyServlet.java","338","14","338","33"
"User-controlled data in arithmetic expression","Arithmetic operations on user-controlled data that is not validated can cause overflows.","warning","This arithmetic expression depends on a [[""user-provided value""|""relative:///dotCMS/src/main/java/com/dotmarketing/servlets/BinaryExporterServlet.java:539:25:539:46""]], potentially causing an underflow.","/dotCMS/src/main/java/com/dotmarketing/servlets/SpeedyAssetServletUtil.java","111","26","111","36"
"User-controlled data in arithmetic expression","Arithmetic operations on user-controlled data that is not validated can cause overflows.","warning","This arithmetic expression depends on a [[""user-provided value""|""relative:///dotCMS/src/main/java/com/dotmarketing/util/UtilMethods.java:181:29:181:45""]], potentially causing an overflow.","/dotCMS/src/main/java/com/dotmarketing/util/NumberOfTimeVisitedCounter.java","31","13","31","20"
"Comparison of narrow type with wide type in loop condition","Comparisons between types of different widths in a loop condition can cause the loop to behave unexpectedly.","warning","Comparison between [[""expression""|""relative:///dotCMS/src/integration-test/java/com/ettrema/cache/MemoryCache.java:171:44:171:51""]] of type int and [[""expression""|""relative:///dotCMS/src/integration-test/java/com/ettrema/cache/MemoryCache.java:171:32:171:40""]] of wider type Long.","/dotCMS/src/integration-test/java/com/ettrema/cache/MemoryCache.java","171","32","171","51"
"Comparison of narrow type with wide type in loop condition","Comparisons between types of different widths in a loop condition can cause the loop to behave unexpectedly.","warning","Comparison between [[""expression""|""relative:///dotCMS/src/main/java/com/dotcms/analytics/bayesian/BayesianAPIImpl.java:248:24:248:24""]] of type int and [[""expression""|""relative:///dotCMS/src/main/java/com/dotcms/analytics/bayesian/BayesianAPIImpl.java:248:28:248:40""]] of wider type double.","/dotCMS/src/main/java/com/dotcms/analytics/bayesian/BayesianAPIImpl.java","248","24","248","40"
"Comparison of narrow type with wide type in loop condition","Comparisons between types of different widths in a loop condition can cause the loop to behave unexpectedly.","warning","Comparison between [[""expression""|""relative:///dotCMS/src/main/java/com/dotcms/analytics/bayesian/BayesianAPIImpl.java:311:24:311:24""]] of type int and [[""expression""|""relative:///dotCMS/src/main/java/com/dotcms/analytics/bayesian/BayesianAPIImpl.java:311:28:311:43""]] of wider type double.","/dotCMS/src/main/java/com/dotcms/analytics/bayesian/BayesianAPIImpl.java","311","24","311","43"
"Comparison of narrow type with wide type in loop condition","Comparisons between types of different widths in a loop condition can cause the loop to behave unexpectedly.","warning","Comparison between [[""expression""|""relative:///dotCMS/src/main/java/com/dotcms/analytics/bayesian/BayesianAPIImpl.java:312:28:312:28""]] of type int and [[""expression""|""relative:///dotCMS/src/main/java/com/dotcms/analytics/bayesian/BayesianAPIImpl.java:312:32:312:45""]] of wider type double.","/dotCMS/src/main/java/com/dotcms/analytics/bayesian/BayesianAPIImpl.java","312","28","312","45"
"Comparison of narrow type with wide type in loop condition","Comparisons between types of different widths in a loop condition can cause the loop to behave unexpectedly.","warning","Comparison between [[""expression""|""relative:///dotCMS/src/main/java/com/dotcms/rendering/velocity/viewtools/ContentsWebAPI.java:551:19:551:19""]] of type int and [[""expression""|""relative:///dotCMS/src/main/java/com/dotcms/rendering/velocity/viewtools/ContentsWebAPI.java:551:23:551:37""]] of wider type long.","/dotCMS/src/main/java/com/dotcms/rendering/velocity/viewtools/ContentsWebAPI.java","551","19","551","37"
"Comparison of narrow type with wide type in loop condition","Comparisons between types of different widths in a loop condition can cause the loop to behave unexpectedly.","warning","Comparison between [[""expression""|""relative:///dotCMS/src/main/java/com/dotcms/util/TimeUtil.java:13:16:13:24""]] of type int and [[""expression""|""relative:///dotCMS/src/main/java/com/dotcms/util/TimeUtil.java:13:26:13:32""]] of wider type long.","/dotCMS/src/main/java/com/dotcms/util/TimeUtil.java","13","16","13","32"
"Comparison of narrow type with wide type in loop condition","Comparisons between types of different widths in a loop condition can cause the loop to behave unexpectedly.","warning","Comparison between [[""expression""|""relative:///dotCMS/src/main/java/com/dotmarketing/util/LuceneHits.java:88:30:88:30""]] of type int and [[""expression""|""relative:///dotCMS/src/main/java/com/dotmarketing/util/LuceneHits.java:88:34:88:43""]] of wider type long.","/dotCMS/src/main/java/com/dotmarketing/util/LuceneHits.java","88","30","88","43"
"Local-user-controlled data in arithmetic expression","Arithmetic operations on user-controlled data that is not validated can cause overflows.","recommendation","This arithmetic expression depends on a [[""user-provided value""|""relative:///dotCMS/src/main/java/com/dotmarketing/common/db/DotConnect.java:759:41:759:55""]], potentially causing an underflow.","/dotCMS/src/main/java/com/dotcms/content/elasticsearch/business/ESContentFactoryImpl.java","726","29","726","42"
"Local-user-controlled data in arithmetic expression","Arithmetic operations on user-controlled data that is not validated can cause overflows.","recommendation","This arithmetic expression depends on a [[""user-provided value""|""relative:///dotCMS/src/main/java/com/dotmarketing/common/db/DotConnect.java:759:41:759:55""]], potentially causing an underflow.","/dotCMS/src/main/java/com/dotmarketing/business/BaseWebAssetAPI.java","391","13","391","26"
"Local-user-controlled data in arithmetic expression","Arithmetic operations on user-controlled data that is not validated can cause overflows.","recommendation","This arithmetic expression depends on a [[""user-provided value""|""relative:///dotCMS/src/main/java/com/dotcms/util/SystemEnvironmentConfigurationInterpolator.java:147:29:147:76""]], potentially causing an overflow.
This arithmetic expression depends on a [[""user-provided value""|""relative:///dotCMS/src/main/java/com/dotcms/util/SystemEnvironmentConfigurationInterpolator.java:149:29:149:84""]], potentially causing an overflow.","/dotCMS/src/main/java/com/dotmarketing/common/db/DotConnect.java","365","21","365","25"
"Local-user-controlled data in arithmetic expression","Arithmetic operations on user-controlled data that is not validated can cause overflows.","recommendation","This arithmetic expression depends on a [[""user-provided value""|""relative:///dotCMS/src/main/java/com/dotmarketing/image/gif/GifDecoder.java:338:38:338:62""]], potentially causing an overflow.","/dotCMS/src/main/java/com/dotmarketing/image/gif/GifDecoder.java","387","17","387","29"
"Local-user-controlled data in arithmetic expression","Arithmetic operations on user-controlled data that is not validated can cause overflows.","recommendation","This arithmetic expression depends on a [[""user-provided value""|""relative:///dotCMS/src/main/java/com/dotmarketing/image/gif/GifDecoder.java:338:38:338:62""]], potentially causing an overflow.","/dotCMS/src/main/java/com/dotmarketing/image/gif/GifDecoder.java","428","23","428","35"
"Local-user-controlled data in arithmetic expression","Arithmetic operations on user-controlled data that is not validated can cause overflows.","recommendation","This arithmetic expression depends on a [[""user-provided value""|""relative:///dotCMS/src/main/java/com/liferay/util/FileUtil.java:432:24:432:59""]], potentially causing an overflow.","/dotCMS/src/main/java/com/dotmarketing/portlets/cmsmaintenance/util/AssetFileNameFilter.java","85","16","85","30"
"Local-user-controlled data in arithmetic expression","Arithmetic operations on user-controlled data that is not validated can cause overflows.","recommendation","This arithmetic expression depends on a [[""user-provided value""|""relative:///dotCMS/src/main/java/com/dotcms/util/SystemEnvironmentConfigurationInterpolator.java:147:29:147:76""]], potentially causing an underflow.
This arithmetic expression depends on a [[""user-provided value""|""relative:///dotCMS/src/main/java/com/dotcms/util/SystemEnvironmentConfigurationInterpolator.java:149:29:149:84""]], potentially causing an underflow.
This arithmetic expression depends on a [[""user-provided value""|""relative:///dotCMS/src/main/java/com/dotcms/util/SystemEnvironmentConfigurationInterpolator.java:147:29:147:76""]], potentially causing an overflow.
This arithmetic expression depends on a [[""user-provided value""|""relative:///dotCMS/src/main/java/com/dotcms/util/SystemEnvironmentConfigurationInterpolator.java:149:29:149:84""]], potentially causing an overflow.","/dotCMS/src/main/java/com/dotmarketing/portlets/htmlpageviews/factories/HTMLPageViewFactory.java","147","34","147","48"
"Local-user-controlled data in arithmetic expression","Arithmetic operations on user-controlled data that is not validated can cause overflows.","recommendation","This arithmetic expression depends on a [[""user-provided value""|""relative:///dotCMS/src/main/java/com/dotmarketing/common/db/DotConnect.java:759:41:759:55""]], potentially causing an underflow.","/dotCMS/src/main/java/com/dotmarketing/portlets/workflows/business/WorkflowFactoryImpl.java","530","16","530","29"
"Local-user-controlled data in arithmetic expression","Arithmetic operations on user-controlled data that is not validated can cause overflows.","recommendation","This arithmetic expression depends on a [[""user-provided value""|""relative:///dotCMS/src/main/java/com/dotmarketing/common/db/DotConnect.java:759:41:759:55""]], potentially causing an underflow.","/dotCMS/src/main/java/com/dotmarketing/util/MaintenanceUtil.java","106","10","106","23"
"Local-user-controlled data in arithmetic expression","Arithmetic operations on user-controlled data that is not validated can cause overflows.","recommendation","This arithmetic expression depends on a [[""user-provided value""|""relative:///dotCMS/src/main/java/com/dotmarketing/common/db/DotConnect.java:759:41:759:55""]], potentially causing an underflow.","/dotCMS/src/main/java/com/dotmarketing/util/MaintenanceUtil.java","327","10","327","23"
"Local-user-controlled data in arithmetic expression","Arithmetic operations on user-controlled data that is not validated can cause overflows.","recommendation","This arithmetic expression depends on a [[""user-provided value""|""relative:///dotCMS/src/main/java/com/dotmarketing/common/db/DotConnect.java:759:41:759:55""]], potentially causing an underflow.","/dotCMS/src/main/java/com/dotmarketing/util/MaintenanceUtil.java","610","10","610","23"
"Local-user-controlled data in arithmetic expression","Arithmetic operations on user-controlled data that is not validated can cause overflows.","recommendation","This arithmetic expression depends on a [[""user-provided value""|""relative:///dotCMS/src/main/java/com/dotcms/util/SystemEnvironmentConfigurationInterpolator.java:147:29:147:76""]], potentially causing an overflow.
This arithmetic expression depends on a [[""user-provided value""|""relative:///dotCMS/src/main/java/com/dotcms/util/SystemEnvironmentConfigurationInterpolator.java:149:29:149:84""]], potentially causing an overflow.","/dotCMS/src/main/java/com/dotmarketing/util/starter/ImportStarterUtil.java","890","108","890","116"
"Local-user-controlled data in arithmetic expression","Arithmetic operations on user-controlled data that is not validated can cause overflows.","recommendation","This arithmetic expression depends on a [[""user-provided value""|""relative:///dotCMS/src/main/java/com/dotcms/util/SystemEnvironmentConfigurationInterpolator.java:147:29:147:76""]], potentially causing an overflow.
This arithmetic expression depends on a [[""user-provided value""|""relative:///dotCMS/src/main/java/com/dotcms/util/SystemEnvironmentConfigurationInterpolator.java:149:29:149:84""]], potentially causing an overflow.","/dotCMS/src/main/java/com/dotmarketing/util/starter/ImportStarterUtil.java","900","98","900","104"
"Uncontrolled data in arithmetic expression","Arithmetic operations on uncontrolled data that is not validated can cause overflows.","warning","This arithmetic expression depends on an [[""uncontrolled value""|""relative:///dotCMS/src/enterprise/java/com/dotcms/enterprise/license/bouncycastle/crypto/encodings/OAEPEncoding.java:212:26:212:29""]], potentially causing an overflow.
This arithmetic expression depends on an [[""uncontrolled value""|""relative:///dotCMS/src/enterprise/java/com/dotcms/enterprise/license/bouncycastle/crypto/encodings/PKCS1Encoding.java:208:30:208:34""]], potentially causing an overflow.
This arithmetic expression depends on an [[""uncontrolled value""|""relative:///dotCMS/src/enterprise/java/com/dotcms/enterprise/license/bouncycastle/crypto/signers/ISO9796d2PSSSigner.java:341:30:341:33""]], potentially causing an overflow.
This arithmetic expression depends on an [[""uncontrolled value""|""relative:///dotCMS/src/enterprise/java/com/dotcms/enterprise/license/bouncycastle/crypto/signers/PSSSigner.java:223:30:223:33""]], potentially causing an overflow.
This arithmetic expression depends on an [[""uncontrolled value""|""relative:///dotCMS/src/enterprise/java/com/dotcms/enterprise/license/bouncycastle/crypto/tls/TlsProtocolHandler.java:603:62:603:64""]], potentially causing an overflow.","/dotCMS/src/enterprise/java/com/dotcms/enterprise/license/bouncycastle/crypto/encodings/ISO9796d1Encoding.java","199","38","199","50"
"Uncontrolled data in arithmetic expression","Arithmetic operations on uncontrolled data that is not validated can cause overflows.","warning","This arithmetic expression depends on an [[""uncontrolled value""|""relative:///dotCMS/src/enterprise/java/com/dotcms/enterprise/license/bouncycastle/crypto/encodings/OAEPEncoding.java:212:26:212:29""]], potentially causing an overflow.
This arithmetic expression depends on an [[""uncontrolled value""|""relative:///dotCMS/src/enterprise/java/com/dotcms/enterprise/license/bouncycastle/crypto/encodings/PKCS1Encoding.java:208:30:208:34""]], potentially causing an overflow.
This arithmetic expression depends on an [[""uncontrolled value""|""relative:///dotCMS/src/enterprise/java/com/dotcms/enterprise/license/bouncycastle/crypto/signers/ISO9796d2PSSSigner.java:341:30:341:33""]], potentially causing an overflow.
This arithmetic expression depends on an [[""uncontrolled value""|""relative:///dotCMS/src/enterprise/java/com/dotcms/enterprise/license/bouncycastle/crypto/signers/PSSSigner.java:223:30:223:33""]], potentially causing an overflow.
This arithmetic expression depends on an [[""uncontrolled value""|""relative:///dotCMS/src/enterprise/java/com/dotcms/enterprise/license/bouncycastle/crypto/tls/TlsProtocolHandler.java:603:62:603:64""]], potentially causing an overflow.","/dotCMS/src/enterprise/java/com/dotcms/enterprise/license/bouncycastle/crypto/encodings/ISO9796d1Encoding.java","204","68","204","72"
"Uncontrolled data in arithmetic expression","Arithmetic operations on uncontrolled data that is not validated can cause overflows.","warning","This arithmetic expression depends on an [[""uncontrolled value""|""relative:///dotCMS/src/enterprise/java/com/dotcms/enterprise/license/bouncycastle/crypto/encodings/OAEPEncoding.java:212:26:212:29""]], potentially causing an overflow.
This arithmetic expression depends on an [[""uncontrolled value""|""relative:///dotCMS/src/enterprise/java/com/dotcms/enterprise/license/bouncycastle/crypto/encodings/PKCS1Encoding.java:208:30:208:34""]], potentially causing an overflow.
This arithmetic expression depends on an [[""uncontrolled value""|""relative:///dotCMS/src/enterprise/java/com/dotcms/enterprise/license/bouncycastle/crypto/signers/ISO9796d2PSSSigner.java:341:30:341:33""]], potentially causing an overflow.
This arithmetic expression depends on an [[""uncontrolled value""|""relative:///dotCMS/src/enterprise/java/com/dotcms/enterprise/license/bouncycastle/crypto/signers/PSSSigner.java:223:30:223:33""]], potentially causing an overflow.
This arithmetic expression depends on an [[""uncontrolled value""|""relative:///dotCMS/src/enterprise/java/com/dotcms/enterprise/license/bouncycastle/crypto/tls/TlsProtocolHandler.java:603:62:603:64""]], potentially causing an overflow.","/dotCMS/src/enterprise/java/com/dotcms/enterprise/license/bouncycastle/crypto/encodings/ISO9796d1Encoding.java","217","30","217","34"
"Uncontrolled data in arithmetic expression","Arithmetic operations on uncontrolled data that is not validated can cause overflows.","warning","This arithmetic expression depends on an [[""uncontrolled value""|""relative:///dotCMS/src/enterprise/java/com/dotcms/enterprise/license/bouncycastle/crypto/encodings/OAEPEncoding.java:212:26:212:29""]], potentially causing an overflow.
This arithmetic expression depends on an [[""uncontrolled value""|""relative:///dotCMS/src/enterprise/java/com/dotcms/enterprise/license/bouncycastle/crypto/encodings/PKCS1Encoding.java:208:30:208:34""]], potentially causing an overflow.
This arithmetic expression depends on an [[""uncontrolled value""|""relative:///dotCMS/src/enterprise/java/com/dotcms/enterprise/license/bouncycastle/crypto/signers/ISO9796d2PSSSigner.java:341:30:341:33""]], potentially causing an overflow.
This arithmetic expression depends on an [[""uncontrolled value""|""relative:///dotCMS/src/enterprise/java/com/dotcms/enterprise/license/bouncycastle/crypto/signers/PSSSigner.java:223:30:223:33""]], potentially causing an overflow.
This arithmetic expression depends on an [[""uncontrolled value""|""relative:///dotCMS/src/enterprise/java/com/dotcms/enterprise/license/bouncycastle/crypto/tls/TlsProtocolHandler.java:603:62:603:64""]], potentially causing an overflow.","/dotCMS/src/enterprise/java/com/dotcms/enterprise/license/bouncycastle/crypto/engines/ElGamalEngine.java","190","34","190","51"
"Uncontrolled data in arithmetic expression","Arithmetic operations on uncontrolled data that is not validated can cause overflows.","warning","This arithmetic expression depends on an [[""uncontrolled value""|""relative:///dotCMS/src/enterprise/java/com/dotcms/enterprise/license/bouncycastle/crypto/engines/RC2WrapEngine.java:195:26:195:28""]], potentially causing an overflow.","/dotCMS/src/enterprise/java/com/dotcms/enterprise/license/bouncycastle/crypto/engines/RC2WrapEngine.java","203","33","203","66"
"Uncontrolled data in arithmetic expression","Arithmetic operations on uncontrolled data that is not validated can cause overflows.","warning","This arithmetic expression depends on an [[""uncontrolled value""|""relative:///dotCMS/src/enterprise/java/com/dotcms/enterprise/license/bouncycastle/crypto/engines/RC2WrapEngine.java:195:26:195:28""]], potentially causing an overflow.","/dotCMS/src/enterprise/java/com/dotcms/enterprise/license/bouncycastle/crypto/engines/RC2WrapEngine.java","232","33","232","61"
"Uncontrolled data in arithmetic expression","Arithmetic operations on uncontrolled data that is not validated can cause overflows.","warning","This arithmetic expression depends on an [[""uncontrolled value""|""relative:///dotCMS/src/enterprise/java/com/dotcms/enterprise/license/bouncycastle/crypto/tls/TlsProtocolHandler.java:1141:26:1141:42""]], potentially causing an overflow.","/dotCMS/src/enterprise/java/com/dotcms/enterprise/license/bouncycastle/crypto/macs/VMPCMac.java","221","14","221","24"
"Uncontrolled data in arithmetic expression","Arithmetic operations on uncontrolled data that is not validated can cause overflows.","warning","This arithmetic expression depends on an [[""uncontrolled value""|""relative:///dotCMS/src/enterprise/java/com/dotcms/enterprise/license/bouncycastle/crypto/signers/PSSSigner.java:223:30:223:33""]], potentially causing an overflow.","/dotCMS/src/enterprise/java/com/dotcms/enterprise/license/bouncycastle/crypto/signers/PSSSigner.java","243","32","243","47"
"Uncontrolled data in arithmetic expression","Arithmetic operations on uncontrolled data that is not validated can cause overflows.","warning","This arithmetic expression depends on an [[""uncontrolled value""|""relative:///dotCMS/src/enterprise/java/com/dotcms/enterprise/license/bouncycastle/crypto/tls/TlsProtocolHandler.java:1141:26:1141:42""]], potentially causing an overflow.","/dotCMS/src/enterprise/java/com/dotcms/enterprise/license/bouncycastle/crypto/tls/RecordStream.java","104","40","104","60"
"Uncontrolled data in arithmetic expression","Arithmetic operations on uncontrolled data that is not validated can cause overflows.","warning","This arithmetic expression depends on an [[""uncontrolled value""|""relative:///dotCMS/src/enterprise/java/com/dotcms/enterprise/license/bouncycastle/crypto/tls/TlsProtocolHandler.java:1141:26:1141:42""]], potentially causing an overflow.","/dotCMS/src/enterprise/java/com/dotcms/enterprise/license/bouncycastle/crypto/tls/TlsBlockCipherCipherSuite.java","133","17","133","40"
"Uncontrolled data in arithmetic expression","Arithmetic operations on uncontrolled data that is not validated can cause overflows.","warning","This arithmetic expression depends on an [[""uncontrolled value""|""relative:///dotCMS/src/enterprise/java/com/dotcms/enterprise/license/bouncycastle/crypto/tls/TlsProtocolHandler.java:1141:26:1141:42""]], potentially causing an overflow.","/dotCMS/src/enterprise/java/com/dotcms/enterprise/license/bouncycastle/crypto/tls/TlsBlockCipherCipherSuite.java","134","25","134","48"
"Uncontrolled data in arithmetic expression","Arithmetic operations on uncontrolled data that is not validated can cause overflows.","warning","This arithmetic expression depends on an [[""uncontrolled value""|""relative:///dotCMS/src/enterprise/java/com/dotcms/enterprise/license/bouncycastle/crypto/tls/TlsProtocolHandler.java:1141:26:1141:42""]], potentially causing an overflow.","/dotCMS/src/enterprise/java/com/dotcms/enterprise/license/bouncycastle/crypto/tls/TlsBlockCipherCipherSuite.java","139","26","139","41"
"Uncontrolled data in arithmetic expression","Arithmetic operations on uncontrolled data that is not validated can cause overflows.","warning","This arithmetic expression depends on an [[""uncontrolled value""|""relative:///dotCMS/src/enterprise/java/com/dotcms/enterprise/license/bouncycastle/crypto/tls/TlsProtocolHandler.java:603:62:603:64""]], potentially causing an overflow.","/dotCMS/src/enterprise/java/com/dotcms/enterprise/license/bouncycastle/crypto/tls/TlsUtils.java","292","23","292","39"
"Uncontrolled data in arithmetic expression","Arithmetic operations on uncontrolled data that is not validated can cause overflows.","warning","This arithmetic expression depends on an [[""uncontrolled value""|""relative:///dotCMS/src/enterprise/java/com/dotcms/enterprise/license/bouncycastle/crypto/generators/DESedeKeyGenerator.java:93:30:93:35""]], potentially causing an overflow.","/dotCMS/src/enterprise/java/com/dotcms/enterprise/license/bouncycastle/util/encoders/HexEncoder.java","97","32","97","43"
"Uncontrolled data in arithmetic expression","Arithmetic operations on uncontrolled data that is not validated can cause overflows.","warning","This arithmetic expression depends on an [[""uncontrolled value""|""relative:///dotCMS/src/enterprise/java/com/dotcms/enterprise/license/bouncycastle/crypto/generators/DESedeKeyGenerator.java:93:30:93:35""]], potentially causing an overflow.","/dotCMS/src/enterprise/java/com/dotcms/enterprise/license/bouncycastle/util/encoders/HexEncoder.java","105","16","105","25"
